user_id,is_anomaly,anomaly_score,risk_level,reason
1653,1,-0.7516246738911582,High,total_email_size: 241096311.00; max_email_size: 11363817.00; avg_email_size: 737297.59
831,1,-0.7465256969460197,High,total_email_size: 136521256.00; max_email_size: 6541652.00; avg_email_size: 374030.84
1952,1,-0.7373847571694714,High,total_email_size: 448002481.00; max_email_size: 8691183.00; avg_email_size: 603776.93
2636,1,-0.7314179017810252,High,total_email_size: 200094134.00; max_email_size: 9855441.00; avg_email_size: 615674.26
2641,1,-0.7310067328509833,High,total_email_size: 167534032.00; max_email_size: 11255724.00; avg_email_size: 491302.15
2479,1,-0.7308197394282215,High,total_email_size: 202935497.00; max_email_size: 7418937.00; avg_email_size: 595118.76
1610,1,-0.7275180583338042,High,total_email_size: 138092157.00; max_email_size: 6586710.00; avg_email_size: 428857.63
1198,1,-0.726851031828261,High,total_email_size: 144555806.00; max_email_size: 6109625.00; avg_email_size: 469337.03
184,1,-0.7265905742835587,High,total_email_size: 187150587.00; max_email_size: 10140590.00; avg_email_size: 623835.29
954,1,-0.7264157148476709,High,total_email_size: 142040143.00; max_email_size: 8479912.00; avg_email_size: 421484.10
556,1,-0.7218211176953915,High,total_email_size: 227611178.00; max_email_size: 7861557.00; avg_email_size: 673405.85
3662,1,-0.7174897670013044,High,total_email_size: 204392909.00; max_email_size: 7857123.00; avg_email_size: 610128.09
2547,1,-0.7162178992450791,High,total_email_size: 203387905.00; max_email_size: 7780976.00; avg_email_size: 596445.47
2720,1,-0.7157699003435519,High,total_email_size: 223237768.00; max_email_size: 8163643.00; avg_email_size: 662426.61
1999,1,-0.7128729586321167,High,total_email_size: 225414985.00; max_email_size: 10417616.00; avg_email_size: 687240.81
491,1,-0.7126545629544393,High,total_email_size: 176688427.00; max_email_size: 7317814.00; avg_email_size: 522746.83
1057,1,-0.7096573720208784,High,total_email_size: 143552704.00; max_email_size: 8538762.00; avg_email_size: 428515.53
2728,1,-0.7096450285640253,High,total_email_size: 161518726.00; max_email_size: 6916400.00; avg_email_size: 489450.68
3800,1,-0.7084056118573286,High,total_email_size: 159285857.00; max_email_size: 6279330.00; avg_email_size: 481226.15
1526,1,-0.7056499293060094,High,total_email_size: 39454693.00; max_email_size: 6701939.00; avg_email_size: 896697.57
3664,1,-0.6981392021702512,High,total_email_size: 11071485.00; max_email_size: 4562112.00; avg_email_size: 299229.32
1731,1,-0.6936171005169798,High,total_email_size: 242446884.00; max_email_size: 10365367.00; avg_email_size: 418011.87
1178,1,-0.6933629759554019,High,total_email_size: 27885642.00; max_email_size: 3281149.00; avg_email_size: 697141.05
1554,1,-0.6827576613812244,High,total_email_size: 154879003.00; max_email_size: 7310024.00; avg_email_size: 454190.62
150,1,-0.6808057675405254,High,total_email_size: 113673191.00; max_email_size: 8285982.00; avg_email_size: 387963.11
538,1,-0.6793241043302395,High,total_email_size: 106376737.00; max_email_size: 8136703.00; avg_email_size: 358170.83
996,1,-0.6793187023850924,High,total_email_size: 257029540.00; max_email_size: 9247614.00; avg_email_size: 790860.12
3603,1,-0.6753724761147595,High,total_email_size: 226527918.00; max_email_size: 7599668.00; avg_email_size: 403793.08
3880,1,-0.6721124738379178,High,total_email_size: 177225315.00; max_email_size: 8289071.00; avg_email_size: 465158.31
3732,1,-0.6720660973857683,High,total_email_size: 141764972.00; max_email_size: 6417927.00; avg_email_size: 513641.20
2225,1,-0.6695347966221278,High,total_email_size: 264123195.00; max_email_size: 8762216.00; avg_email_size: 484629.72
391,1,-0.6683529819814352,High,total_email_size: 6084166.00; max_email_size: 1841021.00; avg_email_size: 202805.53
476,1,-0.6678614977009202,High,total_email_size: 12487085.00; max_email_size: 2493174.00; avg_email_size: 328607.50
1347,1,-0.6662426881429142,High,total_email_size: 53706341.00; max_email_size: 5480507.00; avg_email_size: 413125.70
3667,1,-0.6648750819610519,High,total_email_size: 11085366.00; max_email_size: 3688777.00; avg_email_size: 326040.18
2949,1,-0.6642374299256467,High,total_email_size: 18190580.00; max_email_size: 4932688.00; avg_email_size: 586792.90
2281,1,-0.6638302635132015,High,total_email_size: 203681078.00; max_email_size: 7216654.00; avg_email_size: 681207.62
498,1,-0.6593280130242622,High,total_email_size: 25159380.00; max_email_size: 4226736.00; avg_email_size: 628984.50
3579,1,-0.6577821757877926,High,total_email_size: 120241939.00; max_email_size: 6929030.00; avg_email_size: 308312.66
3277,1,-0.6567941927884522,High,total_email_size: 90036754.00; max_email_size: 4979155.00; avg_email_size: 344968.41
574,1,-0.6564251808229085,High,total_email_size: 128860294.00; max_email_size: 6885566.00; avg_email_size: 313528.70
2724,1,-0.6542543570357393,High,total_email_size: 173346355.00; max_email_size: 10033129.00; avg_email_size: 535019.61
3215,1,-0.6529038576249072,High,total_email_size: 30176159.00; max_email_size: 6067344.00; avg_email_size: 335290.66
339,1,-0.6519133378624254,High,total_email_size: 496335086.00; max_email_size: 11809246.00; avg_email_size: 472700.08
89,1,-0.6514386080037537,High,total_email_size: 10662244.00; max_email_size: 1989526.00; avg_email_size: 355408.13
1783,1,-0.6510381220644688,High,total_email_size: 94344282.00; max_email_size: 6547287.00; avg_email_size: 272671.34
3382,1,-0.6499516720233124,High,total_email_size: 169706205.00; max_email_size: 8747426.00; avg_email_size: 349909.70
2288,1,-0.6480599042212208,High,total_email_size: 149245427.00; max_email_size: 8787777.00; avg_email_size: 544691.34
1892,1,-0.6468046272401743,High,total_email_size: 11736452.00; max_email_size: 1915599.00; avg_email_size: 378595.23
2048,1,-0.6456083127105556,High,total_email_size: 23649071.00; max_email_size: 5245431.00; avg_email_size: 788302.37
2253,1,-0.6433710662371447,High,total_email_size: 98187708.00; max_email_size: 5685864.00; avg_email_size: 360984.22
2314,1,-0.6422577707117983,High,total_email_size: 184590270.00; max_email_size: 9385438.00; avg_email_size: 688769.66
628,1,-0.6422242249849405,High,total_email_size: 175304491.00; max_email_size: 8825546.00; avg_email_size: 377811.40
2921,1,-0.641848994490561,High,total_email_size: 178077512.00; max_email_size: 7601326.00; avg_email_size: 233391.23
3538,1,-0.6411944408369985,High,total_email_size: 62376416.00; max_email_size: 4733086.00; avg_email_size: 172787.86
2204,1,-0.6377831413380005,High,total_email_size: 142941229.00; max_email_size: 5632308.00; avg_email_size: 487854.02
1061,1,-0.6375242484380248,High,total_email_size: 131937844.00; max_email_size: 11501320.00; avg_email_size: 505508.98
3185,1,-0.6361553312996301,High,total_email_size: 21520387.00; max_email_size: 5856392.00; avg_email_size: 717346.23
903,1,-0.6360900091149928,High,total_email_size: 151766174.00; max_email_size: 9178673.00; avg_email_size: 259429.36
131,1,-0.6359231427246832,High,total_email_size: 281760916.00; max_email_size: 7192001.00; avg_email_size: 529625.78
1450,1,-0.6356835206824919,High,total_email_size: 63715089.00; max_email_size: 5367546.00; avg_email_size: 218202.36
2041,1,-0.6346914924558726,High,total_email_size: 261384321.00; max_email_size: 10063993.00; avg_email_size: 595408.48
2424,1,-0.63379350905623,High,total_email_size: 124138659.00; max_email_size: 6883307.00; avg_email_size: 453060.80
1544,1,-0.6321308050490867,High,total_email_size: 204481997.00; max_email_size: 7707577.00; avg_email_size: 476648.01
1322,1,-0.6314832336722422,High,total_email_size: 41295604.00; max_email_size: 7734417.00; avg_email_size: 1007209.85
2224,1,-0.6312925892504792,High,total_email_size: 187493268.00; max_email_size: 6948227.00; avg_email_size: 686788.53
3801,1,-0.6310884308008781,High,total_email_size: 289949380.00; max_email_size: 7859986.00; avg_email_size: 671179.12
1310,1,-0.6309674575304659,High,total_email_size: 111355217.00; max_email_size: 5873226.00; avg_email_size: 407894.57
1058,1,-0.630868798919824,High,total_email_size: 265744071.00; max_email_size: 7039994.00; avg_email_size: 495791.18
3562,1,-0.6302268215252053,High,total_email_size: 134610091.00; max_email_size: 8743218.00; avg_email_size: 491277.70
2388,1,-0.6290411065437306,High,total_email_size: 26276910.00; max_email_size: 5585339.00; avg_email_size: 875897.00
2749,1,-0.6278621591370932,High,total_email_size: 47573574.00; max_email_size: 5988117.00; avg_email_size: 1106362.19
147,1,-0.6278360939624352,High,total_email_size: 247289470.00; max_email_size: 7348681.00; avg_email_size: 475556.67
2621,1,-0.6270815982205484,High,total_email_size: 211284568.00; max_email_size: 6758994.00; avg_email_size: 456338.16
1134,1,-0.6269839122767594,High,total_email_size: 15410241.00; max_email_size: 5193907.00; avg_email_size: 513674.70
2315,1,-0.6267974101496528,High,total_email_size: 107332381.00; max_email_size: 7602252.00; avg_email_size: 350759.42
3364,1,-0.6262123813392402,High,total_email_size: 217501289.00; max_email_size: 11243648.00; avg_email_size: 512974.74
343,1,-0.6261886948078902,High,total_email_size: 53795059.00; max_email_size: 4467562.00; avg_email_size: 584728.90
2533,1,-0.6260305261822497,High,total_email_size: 34918712.00; max_email_size: 6454459.00; avg_email_size: 831397.90
698,1,-0.6257590385196865,High,total_email_size: 195698663.00; max_email_size: 10408748.00; avg_email_size: 523258.46
1155,1,-0.6256253593475025,High,total_email_size: 270364481.00; max_email_size: 7228820.00; avg_email_size: 533263.28
818,1,-0.6250059369919012,High,total_email_size: 199218725.00; max_email_size: 8944885.00; avg_email_size: 640574.68
544,1,-0.6246039292855018,High,total_email_size: 124120894.00; max_email_size: 7499852.00; avg_email_size: 264087.01
3979,1,-0.6243308016751122,High,total_email_size: 453352939.00; max_email_size: 7950829.00; avg_email_size: 552196.03
1195,1,-0.6238159472574706,High,total_email_size: 84237742.00; max_email_size: 4903398.00; avg_email_size: 304107.37
1478,1,-0.6230442076040434,High,total_email_size: 334466642.00; max_email_size: 8056243.00; avg_email_size: 572716.85
2321,1,-0.6225357331197777,High,total_email_size: 150690172.00; max_email_size: 7465215.00; avg_email_size: 540108.14
1150,1,-0.622516550953469,High,total_email_size: 114353837.00; max_email_size: 7024436.00; avg_email_size: 397061.93
2079,1,-0.6224067327320127,High,total_email_size: 260145267.00; max_email_size: 7625855.00; avg_email_size: 653631.32
2085,1,-0.6200243571772691,High,total_email_size: 15197456.00; max_email_size: 3224428.00; avg_email_size: 490240.52
1743,1,-0.619927012247607,High,total_email_size: 240503493.00; max_email_size: 8889782.00; avg_email_size: 506323.14
503,1,-0.6198433392892296,High,total_email_size: 95386628.00; max_email_size: 7250985.00; avg_email_size: 311721.01
2350,1,-0.6196328874773191,High,total_email_size: 62544876.00; max_email_size: 3905934.00; avg_email_size: 228265.97
1562,1,-0.6194301562499319,High,total_email_size: 116681025.00; max_email_size: 8615055.00; avg_email_size: 268232.24
83,1,-0.6191842597444117,High,total_email_size: 76149689.00; max_email_size: 4729026.00; avg_email_size: 276907.96
3733,1,-0.6186998865471608,High,total_email_size: 212664900.00; max_email_size: 8469443.00; avg_email_size: 507553.46
3045,1,-0.6185874928453553,High,total_email_size: 169384892.00; max_email_size: 7922513.00; avg_email_size: 279052.54
1262,1,-0.6183593558025513,High,total_email_size: 186425805.00; max_email_size: 8717340.00; avg_email_size: 437619.26
1202,1,-0.6183493866752295,High,total_email_size: 81669521.00; max_email_size: 6051359.00; avg_email_size: 286559.72
1219,1,-0.6151644913031125,High,total_email_size: 122928786.00; max_email_size: 6487805.00; avg_email_size: 448645.20
2721,1,-0.6147266922528115,High,total_email_size: 148648768.00; max_email_size: 11464230.00; avg_email_size: 327420.19
3477,1,-0.6146055468774199,High,total_email_size: 87117876.00; max_email_size: 6172473.00; avg_email_size: 325066.70
521,1,-0.6130511612156375,Medium,total_email_size: 344294374.00; max_email_size: 6813115.00; avg_email_size: 521658.14
1026,1,-0.6128923196206073,Medium,total_email_size: 199294918.00; max_email_size: 8735736.00; avg_email_size: 517649.14
1138,1,-0.6112386892551583,Medium,total_email_size: 103532258.00; max_email_size: 10302481.00; avg_email_size: 349771.14
2700,1,-0.610520118201248,Medium,total_email_size: 135774503.00; max_email_size: 8606811.00; avg_email_size: 490160.66
2366,1,-0.6103063624547231,Medium,total_email_size: 108520990.00; max_email_size: 8754716.00; avg_email_size: 417388.42
1260,1,-0.610275259395711,Medium,total_email_size: 129856934.00; max_email_size: 8178897.00; avg_email_size: 364766.67
3697,1,-0.6094120327418171,Medium,total_email_size: 49472068.00; max_email_size: 2487659.00; avg_email_size: 145506.08
2898,1,-0.606274704246245,Medium,total_email_size: 156242353.00; max_email_size: 8202035.00; avg_email_size: 312484.71
2812,1,-0.6057852929702053,Medium,total_email_size: 80748992.00; max_email_size: 7167315.00; avg_email_size: 243219.86
429,1,-0.6046694500246521,Medium,total_email_size: 541756048.00; max_email_size: 8556509.00; avg_email_size: 749316.80
524,1,-0.6044269612323743,Medium,total_email_size: 150699884.00; max_email_size: 8610530.00; avg_email_size: 540142.95
1559,1,-0.6041816779875794,Medium,total_email_size: 91309809.00; max_email_size: 9033646.00; avg_email_size: 298398.07
1977,1,-0.6023653942258679,Medium,total_email_size: 71902527.00; max_email_size: 9496531.00; avg_email_size: 262417.98
3882,1,-0.6021398939318192,Medium,total_email_size: 81564360.00; max_email_size: 5455354.00; avg_email_size: 303213.23
1166,1,-0.6020984908795706,Medium,total_email_size: 106271267.00; max_email_size: 9888572.00; avg_email_size: 390703.19
1532,1,-0.6015125320237729,Medium,total_email_size: 221488752.00; max_email_size: 10063993.00; avg_email_size: 392015.49
1067,1,-0.6010366788375152,Medium,total_email_size: 194093902.00; max_email_size: 6753575.00; avg_email_size: 493877.61
517,1,-0.6006287104563383,Medium,total_email_size: 33995791.00; max_email_size: 5167702.00; avg_email_size: 381975.18
3241,1,-0.6002233939449423,Medium,total_email_size: 204777174.00; max_email_size: 6279028.00; avg_email_size: 575216.78
836,1,-0.5983008450491014,Medium,total_email_size: 158712364.00; max_email_size: 8234672.00; avg_email_size: 377886.58
1542,1,-0.5982294727645504,Medium,total_email_size: 31667424.00; max_email_size: 9195349.00; avg_email_size: 347993.67
3351,1,-0.5981867789828177,Medium,total_email_size: 390734826.00; max_email_size: 9339889.00; avg_email_size: 692792.24
1391,1,-0.5975101090891657,Medium,total_email_size: 16957206.00; max_email_size: 4014559.00; avg_email_size: 565240.20
2436,1,-0.5963554032600477,Medium,total_email_size: 207123557.00; max_email_size: 8551067.00; avg_email_size: 494328.30
2136,1,-0.5956491168387889,Medium,total_email_size: 171047008.00; max_email_size: 8479912.00; avg_email_size: 541288.00
2583,1,-0.5938106702130705,Medium,total_email_size: 76723883.00; max_email_size: 7372125.00; avg_email_size: 236073.49
2197,1,-0.5924692183619382,Medium,total_email_size: 267510835.00; max_email_size: 7418937.00; avg_email_size: 793800.70
1991,1,-0.5918907906852974,Medium,total_email_size: 73332267.00; max_email_size: 4879494.00; avg_email_size: 218250.79
1888,1,-0.5913624303028211,Medium,total_email_size: 516479084.00; max_email_size: 8810040.00; avg_email_size: 480893.00
1244,1,-0.5908712615107413,Medium,total_email_size: 21480664.00; max_email_size: 3662856.00; avg_email_size: 692924.65
709,1,-0.5900609124014258,Medium,total_email_size: 59331817.00; max_email_size: 4495559.00; avg_email_size: 183122.89
2455,1,-0.5900031284319791,Medium,total_email_size: 9958173.00; max_email_size: 1902418.00; avg_email_size: 237099.36
1425,1,-0.5897426138409573,Medium,total_email_size: 357812097.00; max_email_size: 11290621.00; avg_email_size: 736238.88
1652,1,-0.589410034168771,Medium,total_email_size: 271479334.00; max_email_size: 9618043.00; avg_email_size: 433673.06
1116,1,-0.5893709960584806,Medium,total_email_size: 121615597.00; max_email_size: 8053761.00; avg_email_size: 420815.21
1024,1,-0.5893364330047773,Medium,total_email_size: 75337510.00; max_email_size: 5945575.00; avg_email_size: 271976.57
1402,1,-0.589215467987185,Medium,total_email_size: 138783887.00; max_email_size: 8153033.00; avg_email_size: 423121.61
3903,1,-0.589082792060058,Medium,total_email_size: 192843520.00; max_email_size: 7143266.00; avg_email_size: 506150.97
1852,1,-0.5889595124848237,Medium,total_email_size: 174179585.00; max_email_size: 7685008.00; avg_email_size: 320772.72
3466,1,-0.588883217899448,Medium,total_email_size: 104195071.00; max_email_size: 8550339.00; avg_email_size: 400750.27
2997,1,-0.5886920678720617,Medium,total_email_size: 59970531.00; max_email_size: 7176863.00; avg_email_size: 1362966.61
788,1,-0.5881859662016712,Medium,total_email_size: 674551468.00; max_email_size: 8810040.00; avg_email_size: 609350.92
105,1,-0.5876129618328391,Medium,total_email_size: 20051969.00; max_email_size: 2447893.00; avg_email_size: 668398.97
308,1,-0.5872848132903582,Medium,total_email_size: 104449865.00; max_email_size: 4628298.00; avg_email_size: 319418.55
3208,1,-0.5868034492642892,Medium,total_email_size: 8010465.00; max_email_size: 1897139.00; avg_email_size: 276222.93
454,1,-0.5859763202842676,Medium,total_email_size: 94447198.00; max_email_size: 8073909.00; avg_email_size: 288829.35
1102,1,-0.5857143438811442,Medium,total_email_size: 113435755.00; max_email_size: 5453565.00; avg_email_size: 312495.19
3884,1,-0.5850400941326462,Medium,total_email_size: 127635673.00; max_email_size: 5607570.00; avg_email_size: 403910.36
3843,1,-0.5847027217859635,Medium,total_email_size: 94260129.00; max_email_size: 4439197.00; avg_email_size: 289141.50
3343,1,-0.584276054714988,Medium,total_email_size: 84342178.00; max_email_size: 5886451.00; avg_email_size: 306698.83
70,1,-0.5835222863865063,Medium,total_email_size: 206242362.00; max_email_size: 8787329.00; avg_email_size: 449329.76
1044,1,-0.58342822239911,Medium,total_email_size: 171232215.00; max_email_size: 9855441.00; avg_email_size: 480989.37
3069,1,-0.5830483047424239,Medium,total_email_size: 219365847.00; max_email_size: 6762023.00; avg_email_size: 654823.42
3799,1,-0.5830164022227444,Medium,total_email_size: 254811439.00; max_email_size: 8568594.00; avg_email_size: 595353.83
2849,1,-0.5820125797907628,Medium,total_email_size: 188518610.00; max_email_size: 9869776.00; avg_email_size: 604226.31
3327,1,-0.5819374630834196,Medium,total_email_size: 17189314.00; max_email_size: 2929519.00; avg_email_size: 572977.13
3634,1,-0.5815644180848419,Medium,total_email_size: 150245500.00; max_email_size: 10140590.00; avg_email_size: 441898.53
345,1,-0.5809061929410113,Medium,total_email_size: 256026912.00; max_email_size: 8288568.00; avg_email_size: 757476.07
2442,1,-0.5798370286449563,Medium,total_email_size: 37521900.00; max_email_size: 5283878.00; avg_email_size: 1210383.87
1685,1,-0.5794889610492899,Medium,total_email_size: 143899318.00; max_email_size: 10649403.00; avg_email_size: 432130.08
243,1,-0.579347444163069,Medium,total_email_size: 85903541.00; max_email_size: 10140590.00; avg_email_size: 254906.65
2184,1,-0.5791735485034127,Medium,total_email_size: 128662227.00; max_email_size: 9220424.00; avg_email_size: 402069.46
2614,1,-0.5782736196883816,Medium,total_email_size: 123897952.00; max_email_size: 9855010.00; avg_email_size: 369844.63
2123,1,-0.5782208932164409,Medium,total_email_size: 137454684.00; max_email_size: 6254514.00; avg_email_size: 374535.92
2504,1,-0.5776772884277128,Medium,total_email_size: 337579746.00; max_email_size: 9527456.00; avg_email_size: 560763.70
1089,1,-0.5776301569773332,Medium,total_email_size: 22553075.00; max_email_size: 4668121.00; avg_email_size: 777692.24
3207,1,-0.57757374531134,Medium,total_email_size: 186652881.00; max_email_size: 11363817.00; avg_email_size: 552227.46
124,1,-0.5773481599259797,Medium,total_email_size: 111371281.00; max_email_size: 5520607.00; avg_email_size: 326602.00
1767,1,-0.5773282503474348,Medium,total_email_size: 318122235.00; max_email_size: 8779837.00; avg_email_size: 688576.27
975,1,-0.5769965558542337,Medium,total_email_size: 228835384.00; max_email_size: 8073135.00; avg_email_size: 693440.56
3165,1,-0.5768561100042295,Medium,total_email_size: 183343162.00; max_email_size: 11376870.00; avg_email_size: 510705.19
3534,1,-0.5767153370843306,Medium,total_email_size: 346846812.00; max_email_size: 8741530.00; avg_email_size: 644696.68
2932,1,-0.5766182223550095,Medium,total_email_size: 169472384.00; max_email_size: 7871794.00; avg_email_size: 564907.95
2588,1,-0.5761375141488461,Medium,total_email_size: 58582841.00; max_email_size: 6100678.00; avg_email_size: 175924.45
2657,1,-0.5755106781409695,Medium,total_email_size: 101401281.00; max_email_size: 8573732.00; avg_email_size: 302690.39
3276,1,-0.5752353348407246,Medium,total_email_size: 159288328.00; max_email_size: 11255724.00; avg_email_size: 472665.66
1709,1,-0.5750695973657941,Medium,total_email_size: 117751196.00; max_email_size: 10081045.00; avg_email_size: 354672.28
2493,1,-0.5747525694340325,Medium,total_email_size: 399170061.00; max_email_size: 7980201.00; avg_email_size: 558279.81
1107,1,-0.5728528888664477,Medium,total_email_size: 110081429.00; max_email_size: 8539833.00; avg_email_size: 325684.70
885,1,-0.5727470353122476,Medium,total_email_size: 254583738.00; max_email_size: 9306903.00; avg_email_size: 829262.99
1412,1,-0.5727387658275515,Medium,total_email_size: 383449818.00; max_email_size: 10649403.00; avg_email_size: 724857.88
1545,1,-0.5723855647133594,Medium,total_email_size: 125258554.00; max_email_size: 6303014.00; avg_email_size: 378424.63
1823,1,-0.5721903298785124,Medium,total_email_size: 320662179.00; max_email_size: 8964355.00; avg_email_size: 692574.90
2482,1,-0.5718493320588698,Medium,total_email_size: 179674962.00; max_email_size: 6640057.00; avg_email_size: 589098.24
435,1,-0.5713925846634331,Medium,total_email_size: 77705770.00; max_email_size: 8479912.00; avg_email_size: 228546.38
3511,1,-0.5711707711060031,Medium,total_email_size: 5812504.00; max_email_size: 1781785.00; avg_email_size: 187500.13
3361,1,-0.5707170490376074,Medium,total_email_size: 92183301.00; max_email_size: 4130688.00; avg_email_size: 281046.65
1016,1,-0.5702253811615162,Medium,total_email_size: 334369167.00; max_email_size: 8100883.00; avg_email_size: 604645.87
918,1,-0.5701769756717441,Medium,total_email_size: 74499794.00; max_email_size: 4807343.00; avg_email_size: 225074.91
2278,1,-0.5701520137847133,Medium,total_email_size: 73186357.00; max_email_size: 5758684.00; avg_email_size: 217170.20
3138,1,-0.5695453213392279,Medium,total_email_size: 102884820.00; max_email_size: 6544088.00; avg_email_size: 301715.01
2397,1,-0.5692606640510748,Medium,total_email_size: 176754251.00; max_email_size: 5615744.00; avg_email_size: 507914.51
2585,1,-0.5685402537030728,Medium,total_email_size: 79871814.00; max_email_size: 8073909.00; avg_email_size: 234228.19
3098,1,-0.568388019282859,Medium,total_email_size: 149335834.00; max_email_size: 6321048.00; avg_email_size: 265250.15
527,1,-0.5679091526740532,Medium,total_email_size: 122296249.00; max_email_size: 8659741.00; avg_email_size: 361823.22
266,1,-0.567236331686334,Medium,total_email_size: 195448960.00; max_email_size: 6612986.00; avg_email_size: 574849.88
2019,1,-0.566935616917232,Medium,total_email_size: 117045758.00; max_email_size: 10140590.00; avg_email_size: 347316.79
2907,1,-0.5665490445811012,Medium,total_email_size: 157204049.00; max_email_size: 9216520.00; avg_email_size: 373406.29
1628,1,-0.5661044495165571,Medium,total_email_size: 41452784.00; max_email_size: 5275375.00; avg_email_size: 1219199.53
1710,1,-0.5660643346188317,Medium,total_email_size: 123073878.00; max_email_size: 10417616.00; avg_email_size: 364123.90
3426,1,-0.5657352834074313,Medium,total_email_size: 71893572.00; max_email_size: 6590024.00; avg_email_size: 234946.31
1224,1,-0.5656779438691194,Medium,total_email_size: 147319315.00; max_email_size: 6209651.00; avg_email_size: 437149.30
1019,1,-0.5647670077155229,Medium,total_email_size: 200273839.00; max_email_size: 8294522.00; avg_email_size: 637814.77
2773,1,-0.5643735411767424,Medium,total_email_size: 206474756.00; max_email_size: 8357856.00; avg_email_size: 476847.01
2427,1,-0.564143484130748,Medium,total_email_size: 17774017.00; max_email_size: 4052358.00; avg_email_size: 612897.14
3902,1,-0.5639913670803691,Medium,total_email_size: 141668093.00; max_email_size: 7471415.00; avg_email_size: 431914.92
1697,1,-0.5639718160685206,Medium,total_email_size: 330444709.00; max_email_size: 9567371.00; avg_email_size: 544389.97
1441,1,-0.5638151762154813,Medium,total_email_size: 192593975.00; max_email_size: 7243484.00; avg_email_size: 581854.91
1059,1,-0.5637801220663585,Medium,total_email_size: 163895384.00; max_email_size: 6508260.00; avg_email_size: 513778.63
1736,1,-0.5634551509064363,Medium,total_email_size: 159751260.00; max_email_size: 8906204.00; avg_email_size: 484094.73
0,1,-0.5629983061276147,Medium,total_email_size: 137166088.00; max_email_size: 6590024.00; avg_email_size: 413150.87
1742,1,-0.562545162122864,Medium,total_email_size: 196476201.00; max_email_size: 7277647.00; avg_email_size: 597192.10
2808,1,-0.5624805392780133,Medium,total_email_size: 166739853.00; max_email_size: 10063993.00; avg_email_size: 368079.15
359,1,-0.5624148397142317,Medium,total_email_size: 99361688.00; max_email_size: 6544088.00; avg_email_size: 299282.19
3243,1,-0.5617589204548714,Medium,total_email_size: 79783806.00; max_email_size: 5758684.00; avg_email_size: 242503.97
812,1,-0.5612629906183205,Medium,total_email_size: 9284917.00; max_email_size: 2531514.00; avg_email_size: 309497.23
2536,1,-0.5612581352497636,Medium,total_email_size: 174901434.00; max_email_size: 7528209.00; avg_email_size: 543172.16
261,1,-0.5602415049427802,Medium,total_email_size: 137811422.00; max_email_size: 8521282.00; avg_email_size: 341963.83
3793,1,-0.5596907875993314,Medium,total_email_size: 155779409.00; max_email_size: 7061636.00; avg_email_size: 459526.28
143,1,-0.5595817521433042,Medium,total_email_size: 158151236.00; max_email_size: 8097827.00; avg_email_size: 506894.99
1112,1,-0.5593581118434947,Medium,total_email_size: 109407541.00; max_email_size: 6680566.00; avg_email_size: 321786.89
2082,1,-0.5586969256642013,Medium,total_email_size: 88413732.00; max_email_size: 10140590.00; avg_email_size: 266306.42
2677,1,-0.5586758683013469,Medium,total_email_size: 158311731.00; max_email_size: 4212188.00; avg_email_size: 454918.77
1176,1,-0.5579805987299341,Medium,total_email_size: 228040177.00; max_email_size: 8283648.00; avg_email_size: 699509.75
3374,1,-0.5575962049654348,Medium,total_email_size: 166230874.00; max_email_size: 8573732.00; avg_email_size: 506801.45
1515,1,-0.5575869515744258,Medium,total_email_size: 165528204.00; max_email_size: 7014128.00; avg_email_size: 498578.93
858,1,-0.5573902453987157,Medium,total_email_size: 262871122.00; max_email_size: 5968649.00; avg_email_size: 682782.14
3086,1,-0.5570143549735019,Medium,total_email_size: 179384183.00; max_email_size: 8735736.00; avg_email_size: 543588.43
27,1,-0.5569328539354581,Medium,total_email_size: 87780150.00; max_email_size: 5926623.00; avg_email_size: 997501.70
1864,1,-0.5568362256420177,Medium,total_email_size: 197940199.00; max_email_size: 6999751.00; avg_email_size: 567163.89
1750,1,-0.556684697022043,Medium,total_email_size: 118921964.00; max_email_size: 6254514.00; avg_email_size: 387367.96
151,1,-0.5565712243928373,Medium,total_email_size: 152328565.00; max_email_size: 7222431.00; avg_email_size: 453358.82
2680,1,-0.5560225205922283,Medium,total_email_size: 142399938.00; max_email_size: 9509579.00; avg_email_size: 417595.13
3147,1,-0.5558181332223412,Medium,total_email_size: 480649337.00; max_email_size: 8425993.00; avg_email_size: 716317.94
2670,1,-0.5558127427375883,Medium,total_email_size: 286005564.00; max_email_size: 8494259.00; avg_email_size: 595844.93
923,1,-0.5553762703841122,Medium,total_email_size: 164622225.00; max_email_size: 7332396.00; avg_email_size: 497348.11
1894,1,-0.555365242993121,Medium,total_email_size: 166651494.00; max_email_size: 9463206.00; avg_email_size: 624162.90
786,1,-0.555146511632482,Medium,total_email_size: 115223976.00; max_email_size: 7641758.00; avg_email_size: 344981.96
3528,1,-0.554699765949203,Medium,total_email_size: 106867263.00; max_email_size: 6541652.00; avg_email_size: 313393.73
2870,1,-0.5535832616816684,Medium,total_email_size: 141881616.00; max_email_size: 7641758.00; avg_email_size: 439261.97
3807,1,-0.5534624743783942,Medium,total_email_size: 119442250.00; max_email_size: 5403419.00; avg_email_size: 365266.82
2760,1,-0.5533208735538321,Medium,total_email_size: 229293955.00; max_email_size: 11168824.00; avg_email_size: 674393.99
3333,1,-0.5527934488510171,Medium,total_email_size: 93615579.00; max_email_size: 8932547.00; avg_email_size: 304936.74
840,1,-0.5527330218891076,Medium,total_email_size: 102162124.00; max_email_size: 7400617.00; avg_email_size: 314345.00
2831,1,-0.5527131111061216,Medium,total_email_size: 159184257.00; max_email_size: 9509579.00; avg_email_size: 485317.86
3108,1,-0.5523664464768446,Medium,total_email_size: 142581152.00; max_email_size: 8073909.00; avg_email_size: 421837.73
3172,1,-0.5517736370284189,Medium,total_email_size: 132227131.00; max_email_size: 8261493.00; avg_email_size: 409371.92
2343,1,-0.5517326880274092,Medium,total_email_size: 106500127.00; max_email_size: 7147969.00; avg_email_size: 326687.51
956,1,-0.5514005565333086,Medium,total_email_size: 176099992.00; max_email_size: 7848171.00; avg_email_size: 657089.52
3242,1,-0.5511498916273688,Medium,total_email_size: 170629862.00; max_email_size: 8735736.00; avg_email_size: 509342.87
1602,1,-0.5505733031137157,Medium,total_email_size: 42162359.00; max_email_size: 6955188.00; avg_email_size: 1405411.97
2555,1,-0.5503634900799294,Medium,total_email_size: 213696513.00; max_email_size: 8121023.00; avg_email_size: 462546.56
1241,1,-0.5503092684967744,Medium,total_email_size: 169777092.00; max_email_size: 8538762.00; avg_email_size: 533890.23
3619,1,-0.5501287716543901,Medium,total_email_size: 45313628.00; max_email_size: 4556510.00; avg_email_size: 1461729.94
360,1,-0.5499812962763809,Medium,total_email_size: 43933203.00; max_email_size: 6540729.00; avg_email_size: 369186.58
318,1,-0.5494017101522376,Medium,total_email_size: 132168016.00; max_email_size: 7332396.00; avg_email_size: 396900.95
2487,1,-0.5490940425777944,Medium,total_email_size: 124085025.00; max_email_size: 7418937.00; avg_email_size: 387765.70
927,1,-0.5489732122330739,Medium,total_email_size: 183234925.00; max_email_size: 10313365.00; avg_email_size: 663894.66
1534,1,-0.5488158305173163,Medium,total_email_size: 36330197.00; max_email_size: 2985088.00; avg_email_size: 981897.22
887,1,-0.5483133274496526,Medium,total_email_size: 38722583.00; max_email_size: 6876548.00; avg_email_size: 1249115.58
62,1,-0.5482600830163291,Medium,total_email_size: 185194196.00; max_email_size: 7228820.00; avg_email_size: 301128.77
601,1,-0.5479607348195147,Medium,total_email_size: 116007213.00; max_email_size: 10408748.00; avg_email_size: 351537.01
1777,1,-0.5475918233588439,Medium,total_email_size: 143031275.00; max_email_size: 6467342.00; avg_email_size: 432118.66
3398,1,-0.5472088325649785,Medium,total_email_size: 253030248.00; max_email_size: 5997625.00; avg_email_size: 482882.15
490,1,-0.5471754360232992,Medium,total_email_size: 28255763.00; max_email_size: 3983037.00; avg_email_size: 763669.27
1996,1,-0.5470904725803959,Medium,total_email_size: 109226174.00; max_email_size: 8573732.00; avg_email_size: 328994.50
594,1,-0.546794128288065,Medium,total_email_size: 321977332.00; max_email_size: 10146578.00; avg_email_size: 736790.23
2093,1,-0.5467548947446814,Medium,total_email_size: 40437323.00; max_email_size: 4483669.00; avg_email_size: 1304429.77
1282,1,-0.5458535260308249,Medium,total_email_size: 88271608.00; max_email_size: 7401007.00; avg_email_size: 267489.72
2480,1,-0.5456905073892198,Medium,total_email_size: 45412157.00; max_email_size: 7061559.00; avg_email_size: 1464908.29
2219,1,-0.5448637549671599,Medium,total_email_size: 288598758.00; max_email_size: 6889022.00; avg_email_size: 592605.25
2512,1,-0.5443152194626629,Medium,total_email_size: 40626655.00; max_email_size: 5358521.00; avg_email_size: 967301.31
1582,1,-0.5432875214013908,Medium,total_email_size: 108596061.00; max_email_size: 8026020.00; avg_email_size: 335173.03
850,1,-0.5431235479712707,Medium,total_email_size: 179811695.00; max_email_size: 9855441.00; avg_email_size: 531987.26
1922,1,-0.5431032377482681,Medium,total_email_size: 10422146.00; max_email_size: 2983197.00; avg_email_size: 359384.34
2783,1,-0.543054408009378,Medium,total_email_size: 163638835.00; max_email_size: 7857123.00; avg_email_size: 488474.13
1174,1,-0.5424209635223667,Medium,total_email_size: 169983454.00; max_email_size: 7803759.00; avg_email_size: 258726.72
1159,1,-0.541134264957779,Medium,total_email_size: 88953550.00; max_email_size: 11730232.00; avg_email_size: 999478.09
390,1,-0.5405149398802719,Medium,total_email_size: 23896381.00; max_email_size: 4776815.00; avg_email_size: 770851.00
1464,1,-0.5403909747343039,Medium,total_email_size: 486443577.00; max_email_size: 9330655.00; avg_email_size: 813450.80
1396,1,-0.5403848311457752,Medium,total_email_size: 50282616.00; max_email_size: 4556510.00; avg_email_size: 1289297.85
202,1,-0.5397226441510451,Medium,total_email_size: 37807756.00; max_email_size: 7383308.00; avg_email_size: 1219605.03
2176,1,-0.5397034753036769,Medium,total_email_size: 159375008.00; max_email_size: 7322604.00; avg_email_size: 477170.68
1666,1,-0.5394276115194537,Medium,total_email_size: 14018234.00; max_email_size: 4150965.00; avg_email_size: 452201.10
3628,1,-0.5376284874716047,Medium,total_email_size: 46928728.00; max_email_size: 4518274.00; avg_email_size: 521430.31
680,1,-0.5366470656647239,Medium,total_email_size: 57587710.00; max_email_size: 5660805.00; avg_email_size: 468192.76
1157,1,-0.5366435552774699,Medium,total_email_size: 12567097.00; max_email_size: 2377404.00; avg_email_size: 433348.17
908,1,-0.5364803384580117,Medium,total_email_size: 246338018.00; max_email_size: 10820740.00; avg_email_size: 643180.20
860,1,-0.5361421816034271,Medium,total_email_size: 119312487.00; max_email_size: 6053368.00; avg_email_size: 430731.00
672,1,-0.5356808664038867,Medium,total_email_size: 96566075.00; max_email_size: 9895699.00; avg_email_size: 785090.04
3621,1,-0.5355403221398095,Medium,total_email_size: 70472425.00; max_email_size: 5529739.00; avg_email_size: 582416.74
463,1,-0.5353383530236204,Medium,total_email_size: 101484982.00; max_email_size: 4787253.00; avg_email_size: 757350.61
2250,1,-0.5341164696305956,Medium,total_email_size: 178945169.00; max_email_size: 6004625.00; avg_email_size: 566282.18
3150,1,-0.5338912721859076,Medium,total_email_size: 40948856.00; max_email_size: 7007937.00; avg_email_size: 1169967.31
701,1,-0.5336014408610212,Medium,total_email_size: 341839395.00; max_email_size: 11807411.00; avg_email_size: 565959.26
3301,1,-0.5335801716672376,Medium,total_email_size: 279726376.00; max_email_size: 7222672.00; avg_email_size: 650526.46
10,1,-0.533569098445968,Medium,total_email_size: 231614770.00; max_email_size: 9028164.00; avg_email_size: 560810.58
1307,1,-0.533213955998879,Medium,total_email_size: 311893095.00; max_email_size: 12153761.00; avg_email_size: 551047.87
2324,1,-0.5329738726891526,Medium,total_email_size: 102248359.00; max_email_size: 5266787.00; avg_email_size: 266966.99
2503,1,-0.5326329881531795,Medium,total_email_size: 167305236.00; max_email_size: 7232229.00; avg_email_size: 601817.40
2964,1,-0.5321526147298471,Medium,total_email_size: 282949552.00; max_email_size: 7421284.00; avg_email_size: 473159.79
2875,1,-0.5316205860783781,Medium,total_email_size: 299956935.00; max_email_size: 7272828.00; avg_email_size: 505829.57
2117,1,-0.5314413354767772,Medium,total_email_size: 255004433.00; max_email_size: 8449158.00; avg_email_size: 547219.81
2432,1,-0.5312733198859467,Medium,total_email_size: 99725711.00; max_email_size: 8478440.00; avg_email_size: 643391.68
1372,1,-0.5308324985204627,Medium,total_email_size: 54582676.00; max_email_size: 6916277.00; avg_email_size: 1240515.36
197,1,-0.5308293743490735,Medium,total_email_size: 9899183.00; max_email_size: 2470831.00; avg_email_size: 111226.78
484,1,-0.5306328076406035,Medium,total_email_size: 12681361.00; max_email_size: 2751347.00; avg_email_size: 384283.67
795,1,-0.5295723161966864,Medium,total_email_size: 48521097.00; max_email_size: 9109474.00; avg_email_size: 1565196.68
1520,1,-0.5290751617534707,Medium,total_email_size: 297709423.00; max_email_size: 9011860.00; avg_email_size: 789680.17
3810,1,-0.5287283452994079,Medium,total_email_size: 28171699.00; max_email_size: 7334730.00; avg_email_size: 908764.48
102,1,-0.5286021120094432,Medium,total_email_size: 216398123.00; max_email_size: 7108548.00; avg_email_size: 527800.30
2400,1,-0.5279473313159021,Medium,total_email_size: 282843971.00; max_email_size: 7308474.00; avg_email_size: 683198.00
164,1,-0.527639454569502,Medium,total_email_size: 64861065.00; max_email_size: 5603606.00; avg_email_size: 705011.58
3053,1,-0.5272082237937211,Medium,total_email_size: 227736665.00; max_email_size: 6860401.00; avg_email_size: 744237.47
3853,1,-0.5271706760755887,Medium,total_email_size: 85431013.00; max_email_size: 9032685.00; avg_email_size: 285722.45
1103,1,-0.5268681171103002,Medium,total_email_size: 225086544.00; max_email_size: 10029494.00; avg_email_size: 684153.63
755,1,-0.5267470482992653,Medium,total_email_size: 349093901.00; max_email_size: 9242021.00; avg_email_size: 423657.65
3063,1,-0.5266481140239108,Medium,total_email_size: 196460747.00; max_email_size: 6599143.00; avg_email_size: 639937.29
2414,1,-0.5259449699375759,Medium,total_email_size: 40481561.00; max_email_size: 9984463.00; avg_email_size: 1305856.81
3838,1,-0.5255086004685444,Medium,total_email_size: 304400789.00; max_email_size: 8694542.00; avg_email_size: 513323.42
3665,1,-0.5255073674613979,Medium,total_email_size: 133889922.00; max_email_size: 8295999.00; avg_email_size: 483357.12
1128,1,-0.5250632869633958,Medium,total_email_size: 124980519.00; max_email_size: 8966891.00; avg_email_size: 454474.61
1010,1,-0.524574059059141,Medium,total_email_size: 241175364.00; max_email_size: 9496531.00; avg_email_size: 650068.37
2939,1,-0.5243665196546119,Medium,total_email_size: 148080686.00; max_email_size: 10377594.00; avg_email_size: 483923.81
1366,1,-0.5237667913492374,Medium,total_email_size: 301587951.00; max_email_size: 7824210.00; avg_email_size: 362050.36
3516,1,-0.5237445864818298,Medium,total_email_size: 34526819.00; max_email_size: 10561495.00; avg_email_size: 1046267.24
2249,1,-0.5236910617534092,Medium,total_email_size: 109517286.00; max_email_size: 5167702.00; avg_email_size: 361443.19
2280,1,-0.5227049499719276,Medium,total_email_size: 113024405.00; max_email_size: 7218667.00; avg_email_size: 409508.71
3861,1,-0.5220962516285064,Medium,total_email_size: 41749134.00; max_email_size: 3889023.00; avg_email_size: 458781.69
2951,1,-0.5220168474231048,Medium,total_email_size: 149057882.00; max_email_size: 6718358.00; avg_email_size: 439698.77
1601,1,-0.5217356805331981,Medium,total_email_size: 184684374.00; max_email_size: 5761967.00; avg_email_size: 681492.15
2098,1,-0.521414524640891,Medium,total_email_size: 298256792.00; max_email_size: 6838093.00; avg_email_size: 516909.52
729,1,-0.5211531164154517,Medium,total_email_size: 186258677.00; max_email_size: 7961502.00; avg_email_size: 340509.46
1290,1,-0.5207689491801493,Medium,total_email_size: 488612794.00; max_email_size: 12305843.00; avg_email_size: 563567.24
1727,1,-0.520356644205409,Medium,total_email_size: 74383031.00; max_email_size: 6718335.00; avg_email_size: 271470.92
2980,1,-0.5197468917524704,Medium,total_email_size: 13688914.00; max_email_size: 3844144.00; avg_email_size: 441577.87
3859,1,-0.5194447292390915,Medium,total_email_size: 271289284.00; max_email_size: 10596133.00; avg_email_size: 564010.99
3772,1,-0.5194410887748186,Medium,total_email_size: 193406328.00; max_email_size: 10351679.00; avg_email_size: 644687.76
85,1,-0.5194182489632337,Medium,total_email_size: 212029254.00; max_email_size: 9339889.00; avg_email_size: 638642.33
3202,1,-0.5186378876722825,Medium,total_email_size: 22221836.00; max_email_size: 3111784.00; avg_email_size: 740727.87
3264,1,-0.5182313017987138,Medium,total_email_size: 26260999.00; max_email_size: 2665959.00; avg_email_size: 847129.00
1912,1,-0.5179414660309293,Medium,total_email_size: 124218581.00; max_email_size: 6211568.00; avg_email_size: 376419.94
355,1,-0.5172668100745611,Medium,total_email_size: 176241000.00; max_email_size: 9651575.00; avg_email_size: 631688.17
1874,1,-0.5170006879195641,Medium,total_email_size: 66995389.00; max_email_size: 3435309.00; avg_email_size: 240126.84
987,1,-0.5168268122778221,Medium,total_email_size: 264923282.00; max_email_size: 9319747.00; avg_email_size: 591346.61
3408,1,-0.5168162611964688,Medium,total_email_size: 423567807.00; max_email_size: 11093526.00; avg_email_size: 760444.90
900,1,-0.516699823179572,Medium,total_email_size: 145145820.00; max_email_size: 5165333.00; avg_email_size: 539575.54
2183,1,-0.5164553597011857,Medium,total_email_size: 38463606.00; max_email_size: 9690587.00; avg_email_size: 1282120.20
942,1,-0.5161055832683789,Medium,total_email_size: 171449884.00; max_email_size: 8182175.00; avg_email_size: 485693.72
1078,1,-0.5154266668168468,Medium,total_email_size: 169030558.00; max_email_size: 6817490.00; avg_email_size: 521699.25
1136,1,-0.5152326464618018,Medium,total_email_size: 136021656.00; max_email_size: 5067435.00; avg_email_size: 433189.99
3321,1,-0.5151993382861362,Medium,total_email_size: 18673869.00; max_email_size: 2595982.00; avg_email_size: 622462.30
334,1,-0.5151789265500039,Medium,total_email_size: 26921762.00; max_email_size: 3317344.00; avg_email_size: 897392.07
2639,1,-0.5149008385015107,Medium,total_email_size: 71012349.00; max_email_size: 6132507.00; avg_email_size: 235140.23
3774,1,-0.5148162121727717,Medium,total_email_size: 44938082.00; max_email_size: 7934330.00; avg_email_size: 1045071.67
2924,1,-0.5144321677787096,Medium,total_email_size: 153904642.00; max_email_size: 9158357.00; avg_email_size: 462176.10
2806,1,-0.5141584601702115,Medium,total_email_size: 133722721.00; max_email_size: 8299818.00; avg_email_size: 486264.44
3970,1,-0.5138547612144448,Medium,total_email_size: 20272510.00; max_email_size: 3543119.00; avg_email_size: 653951.94
3781,1,-0.5135735697229031,Medium,total_email_size: 30992693.00; max_email_size: 3467511.00; avg_email_size: 1033089.77
42,1,-0.5134772583997692,Medium,total_email_size: 188988044.00; max_email_size: 7355591.00; avg_email_size: 713162.43
3699,1,-0.5124065546412278,Medium,total_email_size: 216288992.00; max_email_size: 8304995.00; avg_email_size: 391827.88
1003,1,-0.5118139458167655,Medium,total_email_size: 280618831.00; max_email_size: 9907696.00; avg_email_size: 534512.06
2872,1,-0.511706232494491,Medium,total_email_size: 40207690.00; max_email_size: 8948715.00; avg_email_size: 1386472.07
2096,1,-0.5114225568737321,Medium,total_email_size: 33547073.00; max_email_size: 6965152.00; avg_email_size: 931863.14
1596,1,-0.5112452771082472,Medium,total_email_size: 67208276.00; max_email_size: 6679327.00; avg_email_size: 763730.41
2118,1,-0.5110471345304785,Medium,total_email_size: 19159543.00; max_email_size: 3319403.00; avg_email_size: 478988.58
3922,1,-0.5109792467925588,Medium,total_email_size: 203892630.00; max_email_size: 9538110.00; avg_email_size: 479747.36
3054,1,-0.5109573745114793,Medium,total_email_size: 67705009.00; max_email_size: 5656569.00; avg_email_size: 550447.23
195,1,-0.5108749358897123,Medium,total_email_size: 13754560.00; max_email_size: 3709562.00; avg_email_size: 491234.29
280,1,-0.5107323953247888,Medium,total_email_size: 42217847.00; max_email_size: 4930592.00; avg_email_size: 1110995.97
3983,1,-0.5104766753642352,Medium,total_email_size: 48811979.00; max_email_size: 5877259.00; avg_email_size: 542355.32
1014,1,-0.5103497193685144,Medium,total_email_size: 240703541.00; max_email_size: 12495131.00; avg_email_size: 891494.60
3512,1,-0.5102420717030242,Medium,total_email_size: 245673713.00; max_email_size: 8344247.00; avg_email_size: 541131.53
99,1,-0.5098336956584414,Medium,total_email_size: 139562097.00; max_email_size: 13711708.00; avg_email_size: 536777.30
2208,1,-0.509625384640751,Medium,total_email_size: 156990148.00; max_email_size: 9032685.00; avg_email_size: 564712.76
2029,1,-0.5093929903655514,Medium,total_email_size: 29584434.00; max_email_size: 3822574.00; avg_email_size: 273929.94
137,1,-0.5093894048402232,Medium,total_email_size: 184661189.00; max_email_size: 7500075.00; avg_email_size: 427456.46
837,1,-0.5089759561344318,Medium,total_email_size: 132756534.00; max_email_size: 10425745.00; avg_email_size: 396288.16
3782,1,-0.5088367672339967,Medium,total_email_size: 219147419.00; max_email_size: 6760249.00; avg_email_size: 492466.11
114,1,-0.5082836523867655,Medium,total_email_size: 22210277.00; max_email_size: 2481223.00; avg_email_size: 653243.44
1948,1,-0.508142409853384,Medium,total_email_size: 17569688.00; max_email_size: 3414269.00; avg_email_size: 516755.53
489,1,-0.5081023399406867,Medium,total_email_size: 137344212.00; max_email_size: 5145025.00; avg_email_size: 233976.51
3244,1,-0.5075942296610154,Medium,total_email_size: 322193060.00; max_email_size: 14489104.00; avg_email_size: 516335.03
2837,1,-0.5074994266790289,Medium,total_email_size: 147796644.00; max_email_size: 5029834.00; avg_email_size: 529737.08
3946,1,-0.5074793158282459,Medium,total_email_size: 6059675.00; max_email_size: 1941589.00; avg_email_size: 163775.00
3505,1,-0.5073835124114919,Medium,total_email_size: 63767898.00; max_email_size: 5926623.00; avg_email_size: 724635.20
2917,1,-0.507375950920708,Medium,total_email_size: 328605689.00; max_email_size: 6564547.00; avg_email_size: 546764.87
1660,1,-0.5070948275093717,Medium,total_email_size: 216752143.00; max_email_size: 8833073.00; avg_email_size: 389142.09
2040,1,-0.5070844334602395,Medium,total_email_size: 303304290.00; max_email_size: 11171911.00; avg_email_size: 680054.46
2713,1,-0.5070569706366126,Medium,total_email_size: 251950150.00; max_email_size: 6579798.00; avg_email_size: 450715.83
434,1,-0.506721697367558,Medium,total_email_size: 136132080.00; max_email_size: 6938511.00; avg_email_size: 337796.72
3263,1,-0.5066587281018337,Medium,total_email_size: 167239627.00; max_email_size: 6774262.00; avg_email_size: 597284.38
399,1,-0.5064572849345512,Medium,total_email_size: 226059443.00; max_email_size: 10131589.00; avg_email_size: 602825.18
1191,1,-0.5061680729642536,Medium,total_email_size: 165652120.00; max_email_size: 5890750.00; avg_email_size: 598022.09
3731,1,-0.5061659644256877,Medium,total_email_size: 202745177.00; max_email_size: 8991553.00; avg_email_size: 585968.72
1814,1,-0.5052014163256945,Medium,total_email_size: 25309396.00; max_email_size: 7233336.00; avg_email_size: 872737.79
2953,1,-0.5051590429272178,Medium,total_email_size: 160936378.00; max_email_size: 8028150.00; avg_email_size: 428022.28
2273,1,-0.5051063318832784,Medium,total_email_size: 24592200.00; max_email_size: 5156974.00; avg_email_size: 745218.18
